Country,Region,State,Territory,City
India,North,Andaman and Nicobar Islands,T1,Port Blair
India,North,Andhra Pradesh,T2,Visakhapatnam
India,North,Andhra Pradesh,T2,Vijayawada
India,North,Andhra Pradesh,T2,Guntur
India,North,Andhra Pradesh,T2,Nellore
India,North,Andhra Pradesh,T2,Kurnool
India,North,Andhra Pradesh,T2,Rajahmundry
India,North,Andhra Pradesh,T2,Kakinada
India,North,Andhra Pradesh,T2,Tirupati
India,North,Andhra Pradesh,T2,Anantapur
India,North,Andhra Pradesh,T2,Kadapa
India,North,Andhra Pradesh,T2,Vizianagaram
India,North,Andhra Pradesh,T2,Eluru
India,North,Andhra Pradesh,T2,Ongole
India,North,Andhra Pradesh,T2,Nandyal
India,North,Andhra Pradesh,T2,Machilipatnam
India,North,Andhra Pradesh,T2,Adoni
India,North,Andhra Pradesh,T2,Tenali
India,North,Andhra Pradesh,T2,Chittoor
India,North,Andhra Pradesh,T2,Hindupur
India,North,Andhra Pradesh,T2,Proddatur
India,North,Andhra Pradesh,T2,Bhimavaram
India,North,Andhra Pradesh,T2,Madanapalle
India,North,Andhra Pradesh,T2,Guntakal
India,North,Andhra Pradesh,T2,Dharmavaram
India,North,Andhra Pradesh,T2,Gudivada
India,North,Andhra Pradesh,T2,Srikakulam
India,North,Andhra Pradesh,T2,Narasaraopet
India,North,Andhra Pradesh,T2,Rajampet
India,North,Andhra Pradesh,T2,Tadpatri
India,North,Andhra Pradesh,T2,Tadepalligudem
India,North,Andhra Pradesh,T2,Chilakaluripet
India,North,Andhra Pradesh,T2,Yemmiganur
India,North,Andhra Pradesh,T2,Kadiri
India,North,Andhra Pradesh,T2,Chirala
India,North,Andhra Pradesh,T2,Anakapalle
India,North,Andhra Pradesh,T2,Kavali
India,North,Andhra Pradesh,T2,Palacole
India,North,Andhra Pradesh,T2,Sullurpeta
India,North,Andhra Pradesh,T2,Tanuku
India,North,Andhra Pradesh,T2,Rayachoti
India,North,Andhra Pradesh,T2,Srikalahasti
India,North,Andhra Pradesh,T2,Bapatla
India,North,Andhra Pradesh,T2,Naidupet
India,North,Andhra Pradesh,T2,Nagari
India,North,Andhra Pradesh,T2,Gudur
India,North,Andhra Pradesh,T2,Vinukonda
India,North,Andhra Pradesh,T2,Narasapuram
India,North,Andhra Pradesh,T2,Nuzvid
India,North,Andhra Pradesh,T2,Markapur
India,North,Andhra Pradesh,T2,Ponnur
India,North,Andhra Pradesh,T2,Kandukur
India,North,Andhra Pradesh,T2,Bobbili
India,North,Andhra Pradesh,T2,Rayadurg
India,North,Andhra Pradesh,T2,Samalkot
India,North,Andhra Pradesh,T2,Jaggaiahpet
India,North,Andhra Pradesh,T2,Tuni
India,North,Andhra Pradesh,T2,Amalapuram
India,North,Andhra Pradesh,T2,Bheemunipatnam
India,North,Andhra Pradesh,T2,Venkatagiri
India,North,Andhra Pradesh,T2,Sattenapalle
India,North,Andhra Pradesh,T2,Pithapuram
India,North,Andhra Pradesh,T2,Palasa Kasibugga
India,North,Andhra Pradesh,T2,Parvathipuram
India,North,Andhra Pradesh,T2,Macherla
India,North,Andhra Pradesh,T2,Gooty
India,North,Andhra Pradesh,T2,Salur
India,North,Andhra Pradesh,T2,Mandapeta
India,North,Andhra Pradesh,T2,Jammalamadugu
India,North,Andhra Pradesh,T2,Peddapuram
India,North,Andhra Pradesh,T2,Punganur
India,North,Andhra Pradesh,T2,Nidadavole
India,North,Andhra Pradesh,T2,Repalle
India,North,Andhra Pradesh,T2,Ramachandrapuram
India,North,Andhra Pradesh,T2,Kovvur
India,North,Andhra Pradesh,T2,Tiruvuru
India,North,Andhra Pradesh,T2,Uravakonda
India,North,Andhra Pradesh,T2,Narsipatnam
India,North,Andhra Pradesh,T2,Yerraguntla
India,North,Andhra Pradesh,T2,Pedana
India,North,Andhra Pradesh,T2,Puttur
India,North,Andhra Pradesh,T2,Renigunta
India,North,Andhra Pradesh,T2,Rajam
India,North,Andhra Pradesh,T2,Srisailam Project (Right Flank Colony) Township
India,North,Arunachal Pradesh,T3,Naharlagun
India,North,Arunachal Pradesh,T3,Pasighat
India,North,Assam,T4,Guwahati
India,North,Assam,T4,Silchar
India,North,Assam,T4,Dibrugarh
India,North,Assam,T4,Nagaon
India,North,Assam,T4,Tinsukia
India,North,Assam,T4,Jorhat
India,North,Assam,T4,Bongaigaon City
India,North,Assam,T4,Dhubri
India,North,Assam,T4,Diphu
India,North,Assam,T4,North Lakhimpur
India,North,Assam,T4,Tezpur
India,North,Assam,T4,Karimganj
India,North,Assam,T4,Sibsagar
India,North,Assam,T4,Goalpara
India,North,Assam,T4,Barpeta
India,North,Assam,T4,Lanka
India,North,Assam,T4,Lumding
India,North,Assam,T4,Mankachar
India,North,Assam,T4,Nalbari
India,North,Assam,T4,Rangia
India,North,Assam,T4,Margherita
India,North,Assam,T4,Mangaldoi
India,North,Assam,T4,Silapathar
India,North,Assam,T4,Mariani
India,North,Assam,T4,Marigaon
India,North,Bihar,T5,Patna
India,North,Bihar,T5,Gaya
India,North,Bihar,T5,Bhagalpur
India,North,Bihar,T5,Muzaffarpur
India,North,Bihar,T5,Darbhanga
India,North,Bihar,T5,Arrah
India,North,Bihar,T5,Begusarai
India,North,Bihar,T5,Chhapra
India,North,Bihar,T5,Katihar
India,North,Bihar,T5,Munger
India,North,Bihar,T5,Purnia
India,North,Bihar,T5,Saharsa
India,North,Bihar,T5,Sasaram
India,North,Bihar,T5,Hajipur
India,North,Bihar,T5,Dehri-on-Sone
India,North,Bihar,T5,Bettiah
India,North,Bihar,T5,Motihari
India,North,Bihar,T5,Bagaha
India,North,Bihar,T5,Siwan
India,North,Bihar,T5,Kishanganj
India,North,Bihar,T5,Jamalpur
India,North,Bihar,T5,Buxar
India,North,Bihar,T5,Jehanabad
India,North,Bihar,T5,Aurangabad
India,North,Bihar,T5,Lakhisarai
India,North,Bihar,T5,Nawada
India,North,Bihar,T5,Jamui
India,North,Bihar,T5,Sitamarhi
India,North,Bihar,T5,Araria
India,North,Bihar,T5,Gopalganj
India,North,Bihar,T5,Madhubani
India,North,Bihar,T5,Masaurhi
India,North,Bihar,T5,Samastipur
India,North,Bihar,T5,Mokameh
India,North,Bihar,T5,Supaul
India,North,Bihar,T5,Dumraon
India,North,Bihar,T5,Arwal
India,North,Bihar,T5,Forbesganj
India,North,Bihar,T5,BhabUrban Agglomeration
India,North,Bihar,T5,Narkatiaganj
India,North,Bihar,T5,Naugachhia
India,North,Bihar,T5,Madhepura
India,North,Bihar,T5,Sheikhpura
India,North,Bihar,T5,Sultanganj
India,North,Bihar,T5,Raxaul Bazar
India,North,Bihar,T5,Ramnagar
India,North,Bihar,T5,Mahnar Bazar
India,North,Bihar,T5,Warisaliganj
India,North,Bihar,T5,Revelganj
India,North,Bihar,T5,Rajgir
India,North,Bihar,T5,Sonepur
India,North,Bihar,T5,Sherghati
India,North,Bihar,T5,Sugauli
India,North,Bihar,T5,Makhdumpur
India,North,Bihar,T5,Maner
India,North,Bihar,T5,Rosera
India,North,Bihar,T5,Nokha
India,North,Bihar,T5,Piro
India,North,Bihar,T5,Rafiganj
India,North,Bihar,T5,Marhaura
India,North,Bihar,T5,Mirganj
India,North,Bihar,T5,Lalganj
India,North,Bihar,T5,Murliganj
India,North,Bihar,T5,Motipur
India,North,Bihar,T5,Manihari
India,North,Bihar,T5,Sheohar
India,North,Bihar,T5,Maharajganj
India,North,Bihar,T5,Silao
India,North,Bihar,T5,Barh
India,North,Bihar,T5,Asarganj
India,North,Chandigarh,T6,Chandigarh
India,North,Chhattisgarh,T7,Raipur
India,North,Chhattisgarh,T7,Bhilai Nagar
India,North,Chhattisgarh,T7,Korba
India,North,Chhattisgarh,T7,Bilaspur
India,North,Chhattisgarh,T7,Durg
India,North,Chhattisgarh,T7,Rajnandgaon
India,North,Chhattisgarh,T7,Jagdalpur
India,North,Chhattisgarh,T7,Raigarh
India,North,Chhattisgarh,T7,Ambikapur
India,North,Chhattisgarh,T7,Mahasamund
India,North,Chhattisgarh,T7,Dhamtari
India,North,Chhattisgarh,T7,Chirmiri
India,North,Chhattisgarh,T7,Bhatapara
India,North,Chhattisgarh,T7,Dalli-Rajhara
India,North,Chhattisgarh,T7,Naila Janjgir
India,North,Chhattisgarh,T7,Tilda Newra
India,North,Chhattisgarh,T7,Mungeli
India,North,Chhattisgarh,T7,Manendragarh
India,North,Chhattisgarh,T7,Sakti
India,North,Dadra and Nagar Haveli,T8,Silvassa
India,North,Delhi,T9,New Delhi
India,North,Goa,T10,Marmagao
India,North,Goa,T10,Panaji
India,North,Goa,T10,Margao
India,North,Goa,T10,Mapusa
India,North,Gujarat,T11,Ahmedabad
India,North,Gujarat,T11,Surat
India,North,Gujarat,T11,Vadodara
India,North,Gujarat,T11,Rajkot
India,North,Gujarat,T11,Bhavnagar
India,North,Gujarat,T11,Jamnagar
India,North,Gujarat,T11,Nadiad
India,North,Gujarat,T11,Porbandar
India,North,Gujarat,T11,Anand
India,North,Gujarat,T11,Morvi
India,North,Gujarat,T11,Mahesana
India,North,Gujarat,T11,Bharuch
India,North,Gujarat,T11,Vapi
India,North,Gujarat,T11,Navsari
India,North,Gujarat,T11,Veraval
India,North,Gujarat,T11,Bhuj
India,North,Gujarat,T11,Godhra
India,North,Gujarat,T11,Palanpur
India,North,Gujarat,T11,Valsad
India,North,Gujarat,T11,Patan
India,North,Gujarat,T11,Deesa
India,North,Gujarat,T11,Amreli
India,North,Gujarat,T11,Anjar
India,North,Gujarat,T11,Dhoraji
India,North,Gujarat,T11,Khambhat
India,North,Gujarat,T11,Mahuva
India,North,Gujarat,T11,Keshod
India,North,Gujarat,T11,Wadhwan
India,North,Gujarat,T11,Ankleshwar
India,North,Gujarat,T11,Savarkundla
India,North,Gujarat,T11,Kadi
India,North,Gujarat,T11,Visnagar
India,North,Gujarat,T11,Upleta
India,North,Gujarat,T11,Una
India,North,Gujarat,T11,Sidhpur
India,North,Gujarat,T11,Unjha
India,North,Gujarat,T11,Mangrol
India,North,Gujarat,T11,Viramgam
India,North,Gujarat,T11,Modasa
India,North,Gujarat,T11,Palitana
India,North,Gujarat,T11,Petlad
India,North,Gujarat,T11,Kapadvanj
India,North,Gujarat,T11,Sihor
India,North,Gujarat,T11,Wankaner
India,North,Gujarat,T11,Limbdi
India,North,Gujarat,T11,Mandvi
India,North,Gujarat,T11,Thangadh
India,North,Gujarat,T11,Vyara
India,North,Gujarat,T11,Padra
India,North,Gujarat,T11,Lunawada
India,North,Gujarat,T11,Rajpipla
India,North,Gujarat,T11,Vapi
India,North,Gujarat,T11,Umreth
India,North,Gujarat,T11,Sanand
India,North,Gujarat,T11,Rajula
India,North,Gujarat,T11,Radhanpur
India,North,Gujarat,T11,Mahemdabad
India,North,Gujarat,T11,Ranavav
India,North,Gujarat,T11,Tharad
India,North,Gujarat,T11,Mansa
India,North,Gujarat,T11,Umbergaon
India,North,Gujarat,T11,Talaja
India,North,Gujarat,T11,Vadnagar
India,North,Gujarat,T11,Manavadar
India,North,Gujarat,T11,Salaya
India,North,Gujarat,T11,Vijapur
India,North,Gujarat,T11,Pardi
India,North,Gujarat,T11,Rapar
India,North,Gujarat,T11,Songadh
India,North,Gujarat,T11,Lathi
India,North,Gujarat,T11,Adalaj
India,North,Gujarat,T11,Chhapra
India,North,Haryana,T12,Faridabad
India,North,Haryana,T12,Gurgaon
India,North,Haryana,T12,Hisar
India,North,Haryana,T12,Rohtak
India,North,Haryana,T12,Panipat
India,North,Haryana,T12,Karnal
India,North,Haryana,T12,Sonipat
India,North,Haryana,T12,Yamunanagar
India,North,Haryana,T12,Panchkula
India,North,Haryana,T12,Bhiwani
India,North,Haryana,T12,Bahadurgarh
India,North,Haryana,T12,Jind
India,North,Haryana,T12,Sirsa
India,North,Haryana,T12,Thanesar
India,North,Haryana,T12,Kaithal
India,North,Haryana,T12,Palwal
India,North,Haryana,T12,Rewari
India,North,Haryana,T12,Hansi
India,North,Haryana,T12,Narnaul
India,North,Haryana,T12,Fatehabad
India,North,Haryana,T12,Gohana
India,North,Haryana,T12,Tohana
India,North,Haryana,T12,Narwana
India,North,Haryana,T12,Mandi Dabwali
India,North,Haryana,T12,Charkhi Dadri
India,North,Haryana,T12,Shahbad
India,North,Haryana,T12,Pehowa
India,North,Haryana,T12,Samalkha
India,North,Haryana,T12,Pinjore
India,North,Haryana,T12,Ladwa
India,North,Haryana,T12,Sohna
India,North,Haryana,T12,Safidon
India,North,Haryana,T12,Taraori
India,North,Haryana,T12,Mahendragarh
India,North,Haryana,T12,Ratia
India,North,Haryana,T12,Rania
India,North,Haryana,T12,Sarsod
India,North,Himachal Pradesh,T13,Shimla
India,North,Himachal Pradesh,T13,Mandi
India,North,Himachal Pradesh,T13,Solan
India,North,Himachal Pradesh,T13,Nahan
India,North,Himachal Pradesh,T13,Sundarnagar
India,North,Himachal Pradesh,T13,Palampur
India,North,Jammu and Kashmir,T14,Srinagar
India,North,Jammu and Kashmir,T14,Jammu
India,North,Jammu and Kashmir,T14,Baramula
India,North,Jammu and Kashmir,T14,Anantnag
India,North,Jammu and Kashmir,T14,Sopore
India,North,Jammu and Kashmir,T14,KathUrban Agglomeration
India,North,Jammu and Kashmir,T14,Rajauri
India,North,Jammu and Kashmir,T14,Punch
India,North,Jammu and Kashmir,T14,Udhampur
India,North,Jharkhand,T15,Dhanbad
India,North,Jharkhand,T15,Ranchi
India,North,Jharkhand,T15,Jamshedpur
India,North,Jharkhand,T15,Bokaro Steel City
India,North,Jharkhand,T15,Deoghar
India,North,Jharkhand,T15,Phusro
India,North,Jharkhand,T15,Adityapur
India,North,Jharkhand,T15,Hazaribag
India,North,Jharkhand,T15,Giridih
India,North,Jharkhand,T15,Ramgarh
India,North,Jharkhand,T15,Jhumri Tilaiya
India,North,Jharkhand,T15,Saunda
India,North,Jharkhand,T15,Sahibganj
India,North,Jharkhand,T15,Medininagar (Daltonganj)
India,North,Jharkhand,T15,Chaibasa
India,North,Jharkhand,T15,Chatra
India,North,Jharkhand,T15,Gumia
India,North,Jharkhand,T15,Dumka
India,North,Jharkhand,T15,Madhupur
India,North,Jharkhand,T15,Chirkunda
India,North,Jharkhand,T15,Pakaur
India,North,Jharkhand,T15,Simdega
India,North,Jharkhand,T15,Musabani
India,North,Jharkhand,T15,Mihijam
India,North,Jharkhand,T15,Patratu
India,North,Jharkhand,T15,Lohardaga
India,North,Jharkhand,T15,Tenu dam-cum-Kathhara
India,North,Karnataka,T16,Bengaluru
India,North,Karnataka,T16,Hubli-Dharwad
India,North,Karnataka,T16,Belagavi
India,North,Karnataka,T16,Mangaluru
India,North,Karnataka,T16,Davanagere
India,North,Karnataka,T16,Ballari
India,North,Karnataka,T16,Tumkur
India,North,Karnataka,T16,Shivamogga
India,North,Karnataka,T16,Raayachuru
India,North,Karnataka,T16,Robertson Pet
India,North,Karnataka,T16,Kolar
India,North,Karnataka,T16,Mandya
India,North,Karnataka,T16,Udupi
India,North,Karnataka,T16,Chikkamagaluru
India,North,Karnataka,T16,Karwar
India,North,Karnataka,T16,Ranebennuru
India,North,Karnataka,T16,Ranibennur
India,North,Karnataka,T16,Ramanagaram
India,North,Karnataka,T16,Gokak
India,North,Karnataka,T16,Yadgir
India,North,Karnataka,T16,Rabkavi Banhatti
India,North,Karnataka,T16,Shahabad
India,North,Karnataka,T16,Sirsi
India,North,Karnataka,T16,Sindhnur
India,North,Karnataka,T16,Tiptur
India,North,Karnataka,T16,Arsikere
India,North,Karnataka,T16,Nanjangud
India,North,Karnataka,T16,Sagara
India,North,Karnataka,T16,Sira
India,North,Karnataka,T16,Puttur
India,North,Karnataka,T16,Athni
India,North,Karnataka,T16,Mulbagal
India,North,Karnataka,T16,Surapura
India,North,Karnataka,T16,Siruguppa
India,North,Karnataka,T16,Mudhol
India,North,Karnataka,T16,Sidlaghatta
India,North,Karnataka,T16,Shahpur
India,North,Karnataka,T16,Saundatti-Yellamma
India,North,Karnataka,T16,Wadi
India,North,Karnataka,T16,Manvi
India,North,Karnataka,T16,Nelamangala
India,North,Karnataka,T16,Lakshmeshwar
India,North,Karnataka,T16,Ramdurg
India,North,Karnataka,T16,Nargund
India,North,Karnataka,T16,Tarikere
India,North,Karnataka,T16,Malavalli
India,North,Karnataka,T16,Savanur
India,North,Karnataka,T16,Lingsugur
India,North,Karnataka,T16,Vijayapura
India,North,Karnataka,T16,Sankeshwara
India,North,Karnataka,T16,Madikeri
India,North,Karnataka,T16,Talikota
India,North,Karnataka,T16,Sedam
India,North,Karnataka,T16,Shikaripur
India,North,Karnataka,T16,Mahalingapura
India,North,Karnataka,T16,Mudalagi
India,North,Karnataka,T16,Muddebihal
India,North,Karnataka,T16,Pavagada
India,North,Karnataka,T16,Malur
India,North,Karnataka,T16,Sindhagi
India,North,Karnataka,T16,Sanduru
India,North,Karnataka,T16,Afzalpur
India,North,Karnataka,T16,Maddur
India,North,Karnataka,T16,Madhugiri
India,North,Karnataka,T16,Tekkalakote
India,North,Karnataka,T16,Terdal
India,North,Karnataka,T16,Mudabidri
India,North,Karnataka,T16,Magadi
India,North,Karnataka,T16,Navalgund
India,North,Karnataka,T16,Shiggaon
India,North,Karnataka,T16,Shrirangapattana
India,North,Karnataka,T16,Sindagi
India,North,Karnataka,T16,Sakaleshapura
India,North,Karnataka,T16,Srinivaspur
India,North,Karnataka,T16,Ron
India,North,Karnataka,T16,Mundargi
India,North,Karnataka,T16,Sadalagi
India,North,Karnataka,T16,Piriyapatna
India,North,Karnataka,T16,Adyar
India,North,Karnataka,T16,Mysore
India,North,Kerala,T17,Thiruvananthapuram
India,North,Kerala,T17,Kochi
India,North,Kerala,T17,Kozhikode
India,North,Kerala,T17,Kollam
India,North,Kerala,T17,Thrissur
India,North,Kerala,T17,Palakkad
India,North,Kerala,T17,Alappuzha
India,North,Kerala,T17,Malappuram
India,North,Kerala,T17,Ponnani
India,North,Kerala,T17,Vatakara
India,North,Kerala,T17,Kanhangad
India,North,Kerala,T17,Taliparamba
India,North,Kerala,T17,Koyilandy
India,North,Kerala,T17,Neyyattinkara
India,North,Kerala,T17,Kayamkulam
India,North,Kerala,T17,Nedumangad
India,North,Kerala,T17,Kannur
India,North,Kerala,T17,Tirur
India,North,Kerala,T17,Kottayam
India,North,Kerala,T17,Kasaragod
India,North,Kerala,T17,Kunnamkulam
India,North,Kerala,T17,Ottappalam
India,North,Kerala,T17,Thiruvalla
India,North,Kerala,T17,Thodupuzha
India,North,Kerala,T17,Chalakudy
India,North,Kerala,T17,Changanassery
India,North,Kerala,T17,Punalur
India,North,Kerala,T17,Nilambur
India,North,Kerala,T17,Cherthala
India,North,Kerala,T17,Perinthalmanna
India,North,Kerala,T17,Mattannur
India,North,Kerala,T17,Shoranur
India,North,Kerala,T17,Varkala
India,North,Kerala,T17,Paravoor
India,North,Kerala,T17,Pathanamthitta
India,North,Kerala,T17,Peringathur
India,North,Kerala,T17,Attingal
India,North,Kerala,T17,Kodungallur
India,North,Kerala,T17,Pappinisseri
India,North,Kerala,T17,Chittur-Thathamangalam
India,North,Kerala,T17,Muvattupuzha
India,North,Kerala,T17,Adoor
India,North,Kerala,T17,Mavelikkara
India,North,Kerala,T17,Mavoor
India,North,Kerala,T17,Perumbavoor
India,North,Kerala,T17,Vaikom
India,North,Kerala,T17,Palai
India,North,Kerala,T17,Panniyannur
India,North,Kerala,T17,Guruvayoor
India,North,Kerala,T17,Puthuppally
India,North,Kerala,T17,Panamattom
India,North,Madhya Pradesh,T18,Indore
India,North,Madhya Pradesh,T18,Bhopal
India,North,Madhya Pradesh,T18,Jabalpur
India,North,Madhya Pradesh,T18,Gwalior
India,North,Madhya Pradesh,T18,Ujjain
India,North,Madhya Pradesh,T18,Sagar
India,North,Madhya Pradesh,T18,Ratlam
India,North,Madhya Pradesh,T18,Satna
India,North,Madhya Pradesh,T18,Murwara (Katni)
India,North,Madhya Pradesh,T18,Morena
India,North,Madhya Pradesh,T18,Singrauli
India,North,Madhya Pradesh,T18,Rewa
India,North,Madhya Pradesh,T18,Vidisha
India,North,Madhya Pradesh,T18,Ganjbasoda
India,North,Madhya Pradesh,T18,Shivpuri
India,North,Madhya Pradesh,T18,Mandsaur
India,North,Madhya Pradesh,T18,Neemuch
India,North,Madhya Pradesh,T18,Nagda
India,North,Madhya Pradesh,T18,Itarsi
India,North,Madhya Pradesh,T18,Sarni
India,North,Madhya Pradesh,T18,Sehore
India,North,Madhya Pradesh,T18,Mhow Cantonment
India,North,Madhya Pradesh,T18,Seoni
India,North,Madhya Pradesh,T18,Balaghat
India,North,Madhya Pradesh,T18,Ashok Nagar
India,North,Madhya Pradesh,T18,Tikamgarh
India,North,Madhya Pradesh,T18,Shahdol
India,North,Madhya Pradesh,T18,Pithampur
India,North,Madhya Pradesh,T18,Alirajpur
India,North,Madhya Pradesh,T18,Mandla
India,North,Madhya Pradesh,T18,Sheopur
India,North,Madhya Pradesh,T18,Shajapur
India,North,Madhya Pradesh,T18,Panna
India,North,Madhya Pradesh,T18,Raghogarh-Vijaypur
India,North,Madhya Pradesh,T18,Sendhwa
India,North,Madhya Pradesh,T18,Sidhi
India,North,Madhya Pradesh,T18,Pipariya
India,North,Madhya Pradesh,T18,Shujalpur
India,North,Madhya Pradesh,T18,Sironj
India,North,Madhya Pradesh,T18,Pandhurna
India,North,Madhya Pradesh,T18,Nowgong
India,North,Madhya Pradesh,T18,Mandideep
India,North,Madhya Pradesh,T18,Sihora
India,North,Madhya Pradesh,T18,Raisen
India,North,Madhya Pradesh,T18,Lahar
India,North,Madhya Pradesh,T18,Maihar
India,North,Madhya Pradesh,T18,Sanawad
India,North,Madhya Pradesh,T18,Sabalgarh
India,North,Madhya Pradesh,T18,Umaria
India,North,Madhya Pradesh,T18,Porsa
India,North,Madhya Pradesh,T18,Narsinghgarh
India,North,Madhya Pradesh,T18,Malaj Khand
India,North,Madhya Pradesh,T18,Sarangpur
India,North,Madhya Pradesh,T18,Mundi
India,North,Madhya Pradesh,T18,Nepanagar
India,North,Madhya Pradesh,T18,Pasan
India,North,Madhya Pradesh,T18,Mahidpur
India,North,Madhya Pradesh,T18,Seoni-Malwa
India,North,Madhya Pradesh,T18,Rehli
India,North,Madhya Pradesh,T18,Manawar
India,North,Madhya Pradesh,T18,Rahatgarh
India,North,Madhya Pradesh,T18,Panagar
India,North,Madhya Pradesh,T18,Wara Seoni
India,North,Madhya Pradesh,T18,Tarana
India,North,Madhya Pradesh,T18,Sausar
India,North,Madhya Pradesh,T18,Rajgarh
India,North,Madhya Pradesh,T18,Niwari
India,North,Madhya Pradesh,T18,Mauganj
India,North,Madhya Pradesh,T18,Manasa
India,North,Madhya Pradesh,T18,Nainpur
India,North,Madhya Pradesh,T18,Prithvipur
India,North,Madhya Pradesh,T18,Sohagpur
India,North,Madhya Pradesh,T18,Nowrozabad (Khodargama)
India,North,Madhya Pradesh,T18,Shamgarh
India,North,Madhya Pradesh,T18,Maharajpur
India,North,Madhya Pradesh,T18,Multai
India,North,Madhya Pradesh,T18,Pali
India,North,Madhya Pradesh,T18,Pachore
India,North,Madhya Pradesh,T18,Rau
India,North,Madhya Pradesh,T18,Mhowgaon
India,North,Madhya Pradesh,T18,Vijaypur
India,North,Madhya Pradesh,T18,Narsinghgarh
India,North,Maharashtra,T19,Mumbai
India,North,Maharashtra,T19,Pune
India,North,Maharashtra,T19,Nagpur
India,North,Maharashtra,T19,Thane
India,North,Maharashtra,T19,Nashik
India,North,Maharashtra,T19,Kalyan-Dombivali
India,North,Maharashtra,T19,Vasai-Virar
India,North,Maharashtra,T19,Solapur
India,North,Maharashtra,T19,Mira-Bhayandar
India,North,Maharashtra,T19,Bhiwandi
India,North,Maharashtra,T19,Amravati
India,North,Maharashtra,T19,Nanded-Waghala
India,North,Maharashtra,T19,Sangli
India,North,Maharashtra,T19,Malegaon
India,North,Maharashtra,T19,Akola
India,North,Maharashtra,T19,Latur
India,North,Maharashtra,T19,Dhule
India,North,Maharashtra,T19,Ahmednagar
India,North,Maharashtra,T19,Ichalkaranji
India,North,Maharashtra,T19,Parbhani
India,North,Maharashtra,T19,Panvel
India,North,Maharashtra,T19,Yavatmal
India,North,Maharashtra,T19,Achalpur
India,North,Maharashtra,T19,Osmanabad
India,North,Maharashtra,T19,Nandurbar
India,North,Maharashtra,T19,Satara
India,North,Maharashtra,T19,Wardha
India,North,Maharashtra,T19,Udgir
India,North,Maharashtra,T19,Aurangabad
India,North,Maharashtra,T19,Amalner
India,North,Maharashtra,T19,Akot
India,North,Maharashtra,T19,Pandharpur
India,North,Maharashtra,T19,Shrirampur
India,North,Maharashtra,T19,Parli
India,North,Maharashtra,T19,Washim
India,North,Maharashtra,T19,Ambejogai
India,North,Maharashtra,T19,Manmad
India,North,Maharashtra,T19,Ratnagiri
India,North,Maharashtra,T19,Uran Islampur
India,North,Maharashtra,T19,Pusad
India,North,Maharashtra,T19,Sangamner
India,North,Maharashtra,T19,Shirpur-Warwade
India,North,Maharashtra,T19,Malkapur
India,North,Maharashtra,T19,Wani
India,North,Maharashtra,T19,Lonavla
India,North,Maharashtra,T19,Talegaon Dabhade
India,North,Maharashtra,T19,Anjangaon
India,North,Maharashtra,T19,Umred
India,North,Maharashtra,T19,Palghar
India,North,Maharashtra,T19,Shegaon
India,North,Maharashtra,T19,Ozar
India,North,Maharashtra,T19,Phaltan
India,North,Maharashtra,T19,Yevla
India,North,Maharashtra,T19,Shahade
India,North,Maharashtra,T19,Vita
India,North,Maharashtra,T19,Umarkhed
India,North,Maharashtra,T19,Warora
India,North,Maharashtra,T19,Pachora
India,North,Maharashtra,T19,Tumsar
India,North,Maharashtra,T19,Manjlegaon
India,North,Maharashtra,T19,Sillod
India,North,Maharashtra,T19,Arvi
India,North,Maharashtra,T19,Nandura
India,North,Maharashtra,T19,Vaijapur
India,North,Maharashtra,T19,Wadgaon Road
India,North,Maharashtra,T19,Sailu
India,North,Maharashtra,T19,Murtijapur
India,North,Maharashtra,T19,Tasgaon
India,North,Maharashtra,T19,Mehkar
India,North,Maharashtra,T19,Yawal
India,North,Maharashtra,T19,Pulgaon
India,North,Maharashtra,T19,Nilanga
India,North,Maharashtra,T19,Wai
India,North,Maharashtra,T19,Umarga
India,North,Maharashtra,T19,Paithan
India,North,Maharashtra,T19,Rahuri
India,North,Maharashtra,T19,Nawapur
India,North,Maharashtra,T19,Tuljapur
India,North,Maharashtra,T19,Morshi
India,North,Maharashtra,T19,Purna
India,North,Maharashtra,T19,Satana
India,North,Maharashtra,T19,Pathri
India,North,Maharashtra,T19,Sinnar
India,North,Maharashtra,T19,Uchgaon
India,North,Maharashtra,T19,Uran
India,North,Maharashtra,T19,Pen
India,North,Maharashtra,T19,Karjat
India,North,Maharashtra,T19,Manwath
India,North,Maharashtra,T19,Partur
India,North,Maharashtra,T19,Sangole
India,North,Maharashtra,T19,Mangrulpir
India,North,Maharashtra,T19,Risod
India,North,Maharashtra,T19,Shirur
India,North,Maharashtra,T19,Savner
India,North,Maharashtra,T19,Sasvad
India,North,Maharashtra,T19,Pandharkaoda
India,North,Maharashtra,T19,Talode
India,North,Maharashtra,T19,Shrigonda
India,North,Maharashtra,T19,Shirdi
India,North,Maharashtra,T19,Raver
India,North,Maharashtra,T19,Mukhed
India,North,Maharashtra,T19,Rajura
India,North,Maharashtra,T19,Vadgaon Kasba
India,North,Maharashtra,T19,Tirora
India,North,Maharashtra,T19,Mahad
India,North,Maharashtra,T19,Lonar
India,North,Maharashtra,T19,Sawantwadi
India,North,Maharashtra,T19,Pathardi
India,North,Maharashtra,T19,Pauni
India,North,Maharashtra,T19,Ramtek
India,North,Maharashtra,T19,Mul
India,North,Maharashtra,T19,Soyagaon
India,North,Maharashtra,T19,Mangalvedhe
India,North,Maharashtra,T19,Narkhed
India,North,Maharashtra,T19,Shendurjana
India,North,Maharashtra,T19,Patur
India,North,Maharashtra,T19,Mhaswad
India,North,Maharashtra,T19,Loha
India,North,Maharashtra,T19,Nandgaon
India,North,Maharashtra,T19,Warud
India,North,Manipur,T20,Imphal
India,North,Manipur,T20,Thoubal
India,North,Manipur,T20,Lilong
India,North,Manipur,T20,Mayang Imphal
India,North,Meghalaya,T21,Shillong
India,North,Meghalaya,T21,Tura
India,North,Meghalaya,T21,Nongstoin
India,North,Mizoram,T22,Aizawl
India,North,Mizoram,T22,Lunglei
India,North,Mizoram,T22,Saiha
India,North,Nagaland,T23,Dimapur
India,North,Nagaland,T23,Kohima
India,North,Nagaland,T23,Zunheboto
India,North,Nagaland,T23,Tuensang
India,North,Nagaland,T23,Wokha
India,North,Nagaland,T23,Mokokchung
India,North,Odisha,T24,Bhubaneswar
India,North,Odisha,T24,Cuttack
India,North,Odisha,T24,Raurkela
India,North,Odisha,T24,Brahmapur
India,North,Odisha,T24,Sambalpur
India,North,Odisha,T24,Puri
India,North,Odisha,T24,Baleshwar Town
India,North,Odisha,T24,Baripada Town
India,North,Odisha,T24,Bhadrak
India,North,Odisha,T24,Balangir
India,North,Odisha,T24,Jharsuguda
India,North,Odisha,T24,Bargarh
India,North,Odisha,T24,Paradip
India,North,Odisha,T24,Bhawanipatna
India,North,Odisha,T24,Dhenkanal
India,North,Odisha,T24,Barbil
India,North,Odisha,T24,Kendujhar
India,North,Odisha,T24,Sunabeda
India,North,Odisha,T24,Rayagada
India,North,Odisha,T24,Jatani
India,North,Odisha,T24,Byasanagar
India,North,Odisha,T24,Kendrapara
India,North,Odisha,T24,Rajagangapur
India,North,Odisha,T24,Parlakhemundi
India,North,Odisha,T24,Talcher
India,North,Odisha,T24,Sundargarh
India,North,Odisha,T24,Phulabani
India,North,Odisha,T24,Pattamundai
India,North,Odisha,T24,Titlagarh
India,North,Odisha,T24,Nabarangapur
India,North,Odisha,T24,Soro
India,North,Odisha,T24,Malkangiri
India,North,Odisha,T24,Rairangpur
India,North,Odisha,T24,Tarbha
India,North,Puducherry,T25,Pondicherry
India,North,Puducherry,T25,Karaikal
India,North,Puducherry,T25,Yanam
India,North,Puducherry,T25,Mahe
India,North,Punjab,T26,Ludhiana
India,North,Punjab,T26,Patiala
India,North,Punjab,T26,Amritsar
India,North,Punjab,T26,Jalandhar
India,North,Punjab,T26,Bathinda
India,North,Punjab,T26,Pathankot
India,North,Punjab,T26,Hoshiarpur
India,North,Punjab,T26,Batala
India,North,Punjab,T26,Moga
India,North,Punjab,T26,Malerkotla
India,North,Punjab,T26,Khanna
India,North,Punjab,T26,Mohali
India,North,Punjab,T26,Barnala
India,North,Punjab,T26,Firozpur
India,North,Punjab,T26,Phagwara
India,North,Punjab,T26,Kapurthala
India,North,Punjab,T26,Zirakpur
India,North,Punjab,T26,Kot Kapura
India,North,Punjab,T26,Faridkot
India,North,Punjab,T26,Muktsar
India,North,Punjab,T26,Rajpura
India,North,Punjab,T26,Sangrur
India,North,Punjab,T26,Fazilka
India,North,Punjab,T26,Gurdaspur
India,North,Punjab,T26,Kharar
India,North,Punjab,T26,Gobindgarh
India,North,Punjab,T26,Mansa
India,North,Punjab,T26,Malout
India,North,Punjab,T26,Nabha
India,North,Punjab,T26,Tarn Taran
India,North,Punjab,T26,Jagraon
India,North,Punjab,T26,Sunam
India,North,Punjab,T26,Dhuri
India,North,Punjab,T26,Firozpur Cantt.
India,North,Punjab,T26,Sirhind Fatehgarh Sahib
India,North,Punjab,T26,Rupnagar
India,North,Punjab,T26,Jalandhar Cantt.
India,North,Punjab,T26,Samana
India,North,Punjab,T26,Nawanshahr
India,North,Punjab,T26,Rampura Phul
India,North,Punjab,T26,Nangal
India,North,Punjab,T26,Nakodar
India,North,Punjab,T26,Zira
India,North,Punjab,T26,Patti
India,North,Punjab,T26,Raikot
India,North,Punjab,T26,Longowal
India,North,Punjab,T26,Urmar Tanda
India,North,Punjab,T26,"Morinda, India"
India,North,Punjab,T26,Phillaur
India,North,Punjab,T26,Pattran
India,North,Punjab,T26,Qadian
India,North,Punjab,T26,Sujanpur
India,North,Punjab,T26,Mukerian
India,North,Punjab,T26,Talwara
India,North,Rajasthan,T27,Jaipur
India,North,Rajasthan,T27,Jodhpur
India,North,Rajasthan,T27,Bikaner
India,North,Rajasthan,T27,Udaipur
India,North,Rajasthan,T27,Ajmer
India,North,Rajasthan,T27,Bhilwara
India,North,Rajasthan,T27,Alwar
India,North,Rajasthan,T27,Bharatpur
India,North,Rajasthan,T27,Pali
India,North,Rajasthan,T27,Barmer
India,North,Rajasthan,T27,Sikar
India,North,Rajasthan,T27,Tonk
India,North,Rajasthan,T27,Sadulpur
India,North,Rajasthan,T27,Sawai Madhopur
India,North,Rajasthan,T27,Nagaur
India,North,Rajasthan,T27,Makrana
India,North,Rajasthan,T27,Sujangarh
India,North,Rajasthan,T27,Sardarshahar
India,North,Rajasthan,T27,Ladnu
India,North,Rajasthan,T27,Ratangarh
India,North,Rajasthan,T27,Nokha
India,North,Rajasthan,T27,Nimbahera
India,North,Rajasthan,T27,Suratgarh
India,North,Rajasthan,T27,Rajsamand
India,North,Rajasthan,T27,Lachhmangarh
India,North,Rajasthan,T27,Rajgarh (Churu)
India,North,Rajasthan,T27,Nasirabad
India,North,Rajasthan,T27,Nohar
India,North,Rajasthan,T27,Phalodi
India,North,Rajasthan,T27,Nathdwara
India,North,Rajasthan,T27,Pilani
India,North,Rajasthan,T27,Merta City
India,North,Rajasthan,T27,Sojat
India,North,Rajasthan,T27,Neem-Ka-Thana
India,North,Rajasthan,T27,Sirohi
India,North,Rajasthan,T27,Pratapgarh
India,North,Rajasthan,T27,Rawatbhata
India,North,Rajasthan,T27,Sangaria
India,North,Rajasthan,T27,Lalsot
India,North,Rajasthan,T27,Pilibanga
India,North,Rajasthan,T27,Pipar City
India,North,Rajasthan,T27,Taranagar
India,North,Rajasthan,T27,"Vijainagar, Ajmer"
India,North,Rajasthan,T27,Sumerpur
India,North,Rajasthan,T27,Sagwara
India,North,Rajasthan,T27,Ramganj Mandi
India,North,Rajasthan,T27,Lakheri
India,North,Rajasthan,T27,Udaipurwati
India,North,Rajasthan,T27,Losal
India,North,Rajasthan,T27,Sri Madhopur
India,North,Rajasthan,T27,Ramngarh
India,North,Rajasthan,T27,Rawatsar
India,North,Rajasthan,T27,Rajakhera
India,North,Rajasthan,T27,Shahpura
India,North,Rajasthan,T27,Shahpura
India,North,Rajasthan,T27,Raisinghnagar
India,North,Rajasthan,T27,Malpura
India,North,Rajasthan,T27,Nadbai
India,North,Rajasthan,T27,Sanchore
India,North,Rajasthan,T27,Nagar
India,North,Rajasthan,T27,Rajgarh (Alwar)
India,North,Rajasthan,T27,Sheoganj
India,North,Rajasthan,T27,Sadri
India,North,Rajasthan,T27,Todaraisingh
India,North,Rajasthan,T27,Todabhim
India,North,Rajasthan,T27,Reengus
India,North,Rajasthan,T27,Rajaldesar
India,North,Rajasthan,T27,Sadulshahar
India,North,Rajasthan,T27,Sambhar
India,North,Rajasthan,T27,Prantij
India,North,Rajasthan,T27,Mount Abu
India,North,Rajasthan,T27,Mangrol
India,North,Rajasthan,T27,Phulera
India,North,Rajasthan,T27,Mandawa
India,North,Rajasthan,T27,Pindwara
India,North,Rajasthan,T27,Mandalgarh
India,North,Rajasthan,T27,Takhatgarh
India,North,Tamil Nadu,T28,Chennai
India,North,Tamil Nadu,T28,Coimbatore
India,North,Tamil Nadu,T28,Madurai
India,North,Tamil Nadu,T28,Tiruchirappalli
India,North,Tamil Nadu,T28,Salem
India,North,Tamil Nadu,T28,Tirunelveli
India,North,Tamil Nadu,T28,Tiruppur
India,North,Tamil Nadu,T28,Ranipet
India,North,Tamil Nadu,T28,Nagercoil
India,North,Tamil Nadu,T28,Thanjavur
India,North,Tamil Nadu,T28,Vellore
India,North,Tamil Nadu,T28,Kancheepuram
India,North,Tamil Nadu,T28,Erode
India,North,Tamil Nadu,T28,Tiruvannamalai
India,North,Tamil Nadu,T28,Pollachi
India,North,Tamil Nadu,T28,Rajapalayam
India,North,Tamil Nadu,T28,Sivakasi
India,North,Tamil Nadu,T28,Pudukkottai
India,North,Tamil Nadu,T28,Neyveli (TS)
India,North,Tamil Nadu,T28,Nagapattinam
India,North,Tamil Nadu,T28,Viluppuram
India,North,Tamil Nadu,T28,Tiruchengode
India,North,Tamil Nadu,T28,Vaniyambadi
India,North,Tamil Nadu,T28,Theni Allinagaram
India,North,Tamil Nadu,T28,Udhagamandalam
India,North,Tamil Nadu,T28,Aruppukkottai
India,North,Tamil Nadu,T28,Paramakudi
India,North,Tamil Nadu,T28,Arakkonam
India,North,Tamil Nadu,T28,Virudhachalam
India,North,Tamil Nadu,T28,Srivilliputhur
India,North,Tamil Nadu,T28,Tindivanam
India,North,Tamil Nadu,T28,Virudhunagar
India,North,Tamil Nadu,T28,Karur
India,North,Tamil Nadu,T28,Valparai
India,North,Tamil Nadu,T28,Sankarankovil
India,North,Tamil Nadu,T28,Tenkasi
India,North,Tamil Nadu,T28,Palani
India,North,Tamil Nadu,T28,Pattukkottai
India,North,Tamil Nadu,T28,Tirupathur
India,North,Tamil Nadu,T28,Ramanathapuram
India,North,Tamil Nadu,T28,Udumalaipettai
India,North,Tamil Nadu,T28,Gobichettipalayam
India,North,Tamil Nadu,T28,Thiruvarur
India,North,Tamil Nadu,T28,Thiruvallur
India,North,Tamil Nadu,T28,Panruti
India,North,Tamil Nadu,T28,Namakkal
India,North,Tamil Nadu,T28,Thirumangalam
India,North,Tamil Nadu,T28,Vikramasingapuram
India,North,Tamil Nadu,T28,Nellikuppam
India,North,Tamil Nadu,T28,Rasipuram
India,North,Tamil Nadu,T28,Tiruttani
India,North,Tamil Nadu,T28,Nandivaram-Guduvancheri
India,North,Tamil Nadu,T28,Periyakulam
India,North,Tamil Nadu,T28,Pernampattu
India,North,Tamil Nadu,T28,Vellakoil
India,North,Tamil Nadu,T28,Sivaganga
India,North,Tamil Nadu,T28,Vadalur
India,North,Tamil Nadu,T28,Rameshwaram
India,North,Tamil Nadu,T28,Tiruvethipuram
India,North,Tamil Nadu,T28,Perambalur
India,North,Tamil Nadu,T28,Usilampatti
India,North,Tamil Nadu,T28,Vedaranyam
India,North,Tamil Nadu,T28,Sathyamangalam
India,North,Tamil Nadu,T28,Puliyankudi
India,North,Tamil Nadu,T28,Nanjikottai
India,North,Tamil Nadu,T28,Thuraiyur
India,North,Tamil Nadu,T28,Sirkali
India,North,Tamil Nadu,T28,Tiruchendur
India,North,Tamil Nadu,T28,Periyasemur
India,North,Tamil Nadu,T28,Sattur
India,North,Tamil Nadu,T28,Vandavasi
India,North,Tamil Nadu,T28,Tharamangalam
India,North,Tamil Nadu,T28,Tirukkoyilur
India,North,Tamil Nadu,T28,Oddanchatram
India,North,Tamil Nadu,T28,Palladam
India,North,Tamil Nadu,T28,Vadakkuvalliyur
India,North,Tamil Nadu,T28,Tirukalukundram
India,North,Tamil Nadu,T28,Uthamapalayam
India,North,Tamil Nadu,T28,Surandai
India,North,Tamil Nadu,T28,Sankari
India,North,Tamil Nadu,T28,Shenkottai
India,North,Tamil Nadu,T28,Vadipatti
India,North,Tamil Nadu,T28,Sholingur
India,North,Tamil Nadu,T28,Tirupathur
India,North,Tamil Nadu,T28,Manachanallur
India,North,Tamil Nadu,T28,Viswanatham
India,North,Tamil Nadu,T28,Polur
India,North,Tamil Nadu,T28,Panagudi
India,North,Tamil Nadu,T28,Uthiramerur
India,North,Tamil Nadu,T28,Thiruthuraipoondi
India,North,Tamil Nadu,T28,Pallapatti
India,North,Tamil Nadu,T28,Ponneri
India,North,Tamil Nadu,T28,Lalgudi
India,North,Tamil Nadu,T28,Natham
India,North,Tamil Nadu,T28,Unnamalaikadai
India,North,Tamil Nadu,T28,P.N.Patti
India,North,Tamil Nadu,T28,Tharangambadi
India,North,Tamil Nadu,T28,Tittakudi
India,North,Tamil Nadu,T28,Pacode
India,North,Tamil Nadu,T28,O' Valley
India,North,Tamil Nadu,T28,Suriyampalayam
India,North,Tamil Nadu,T28,Sholavandan
India,North,Tamil Nadu,T28,Thammampatti
India,North,Tamil Nadu,T28,Namagiripettai
India,North,Tamil Nadu,T28,Peravurani
India,North,Tamil Nadu,T28,Parangipettai
India,North,Tamil Nadu,T28,Pudupattinam
India,North,Tamil Nadu,T28,Pallikonda
India,North,Tamil Nadu,T28,Sivagiri
India,North,Tamil Nadu,T28,Punjaipugalur
India,North,Tamil Nadu,T28,Padmanabhapuram
India,North,Tamil Nadu,T28,Thirupuvanam
India,North,Telangana,T29,Hyderabad
India,North,Telangana,T29,Warangal
India,North,Telangana,T29,Nizamabad
India,North,Telangana,T29,Karimnagar
India,North,Telangana,T29,Ramagundam
India,North,Telangana,T29,Khammam
India,North,Telangana,T29,Mahbubnagar
India,North,Telangana,T29,Mancherial
India,North,Telangana,T29,Adilabad
India,North,Telangana,T29,Suryapet
India,North,Telangana,T29,Jagtial
India,North,Telangana,T29,Miryalaguda
India,North,Telangana,T29,Nirmal
India,North,Telangana,T29,Kamareddy
India,North,Telangana,T29,Kothagudem
India,North,Telangana,T29,Bodhan
India,North,Telangana,T29,Palwancha
India,North,Telangana,T29,Mandamarri
India,North,Telangana,T29,Koratla
India,North,Telangana,T29,Sircilla
India,North,Telangana,T29,Tandur
India,North,Telangana,T29,Siddipet
India,North,Telangana,T29,Wanaparthy
India,North,Telangana,T29,Kagaznagar
India,North,Telangana,T29,Gadwal
India,North,Telangana,T29,Sangareddy
India,North,Telangana,T29,Bellampalle
India,North,Telangana,T29,Bhongir
India,North,Telangana,T29,Vikarabad
India,North,Telangana,T29,Jangaon
India,North,Telangana,T29,Bhadrachalam
India,North,Telangana,T29,Bhainsa
India,North,Telangana,T29,Farooqnagar
India,North,Telangana,T29,Medak
India,North,Telangana,T29,Narayanpet
India,North,Telangana,T29,Sadasivpet
India,North,Telangana,T29,Yellandu
India,North,Telangana,T29,Manuguru
India,North,Telangana,T29,Kyathampalle
India,North,Telangana,T29,Nagarkurnool
India,North,Tripura,T30,Agartala
India,North,Tripura,T30,Udaipur
India,North,Tripura,T30,Dharmanagar
India,North,Tripura,T30,Pratapgarh
India,North,Tripura,T30,Kailasahar
India,North,Tripura,T30,Belonia
India,North,Tripura,T30,Khowai
India,North,Uttar Pradesh,T31,Lucknow
India,North,Uttar Pradesh,T31,Kanpur
India,North,Uttar Pradesh,T31,Firozabad
India,North,Uttar Pradesh,T31,Agra
India,North,Uttar Pradesh,T31,Meerut
India,North,Uttar Pradesh,T31,Varanasi
India,North,Uttar Pradesh,T31,Allahabad
India,North,Uttar Pradesh,T31,Amroha
India,North,Uttar Pradesh,T31,Moradabad
India,North,Uttar Pradesh,T31,Aligarh
India,North,Uttar Pradesh,T31,Saharanpur
India,North,Uttar Pradesh,T31,Noida
India,North,Uttar Pradesh,T31,Loni
India,North,Uttar Pradesh,T31,Jhansi
India,North,Uttar Pradesh,T31,Shahjahanpur
India,North,Uttar Pradesh,T31,Rampur
India,North,Uttar Pradesh,T31,Modinagar
India,North,Uttar Pradesh,T31,Hapur
India,North,Uttar Pradesh,T31,Etawah
India,North,Uttar Pradesh,T31,Sambhal
India,North,Uttar Pradesh,T31,Orai
India,North,Uttar Pradesh,T31,Bahraich
India,North,Uttar Pradesh,T31,Unnao
India,North,Uttar Pradesh,T31,Rae Bareli
India,North,Uttar Pradesh,T31,Lakhimpur
India,North,Uttar Pradesh,T31,Sitapur
India,North,Uttar Pradesh,T31,Lalitpur
India,North,Uttar Pradesh,T31,Pilibhit
India,North,Uttar Pradesh,T31,Chandausi
India,North,Uttar Pradesh,T31,Hardoi 
India,North,Uttar Pradesh,T31,Azamgarh
India,North,Uttar Pradesh,T31,Khair
India,North,Uttar Pradesh,T31,Sultanpur
India,North,Uttar Pradesh,T31,Tanda
India,North,Uttar Pradesh,T31,Nagina
India,North,Uttar Pradesh,T31,Shamli
India,North,Uttar Pradesh,T31,Najibabad
India,North,Uttar Pradesh,T31,Shikohabad
India,North,Uttar Pradesh,T31,Sikandrabad
India,North,Uttar Pradesh,T31,"Shahabad, Hardoi"
India,North,Uttar Pradesh,T31,Pilkhuwa
India,North,Uttar Pradesh,T31,Renukoot
India,North,Uttar Pradesh,T31,Vrindavan
India,North,Uttar Pradesh,T31,Ujhani
India,North,Uttar Pradesh,T31,Laharpur
India,North,Uttar Pradesh,T31,Tilhar
India,North,Uttar Pradesh,T31,Sahaswan
India,North,Uttar Pradesh,T31,Rath
India,North,Uttar Pradesh,T31,Sherkot
India,North,Uttar Pradesh,T31,Kalpi
India,North,Uttar Pradesh,T31,Tundla
India,North,Uttar Pradesh,T31,Sandila
India,North,Uttar Pradesh,T31,Nanpara
India,North,Uttar Pradesh,T31,Sardhana
India,North,Uttar Pradesh,T31,Nehtaur
India,North,Uttar Pradesh,T31,Seohara
India,North,Uttar Pradesh,T31,Padrauna
India,North,Uttar Pradesh,T31,Mathura
India,North,Uttar Pradesh,T31,Thakurdwara
India,North,Uttar Pradesh,T31,Nawabganj
India,North,Uttar Pradesh,T31,Siana
India,North,Uttar Pradesh,T31,Noorpur
India,North,Uttar Pradesh,T31,Sikandra Rao
India,North,Uttar Pradesh,T31,Puranpur
India,North,Uttar Pradesh,T31,Rudauli
India,North,Uttar Pradesh,T31,Thana Bhawan
India,North,Uttar Pradesh,T31,Palia Kalan
India,North,Uttar Pradesh,T31,Zaidpur
India,North,Uttar Pradesh,T31,Nautanwa
India,North,Uttar Pradesh,T31,Zamania
India,North,Uttar Pradesh,T31,"Shikarpur, Bulandshahr"
India,North,Uttar Pradesh,T31,Naugawan Sadat
India,North,Uttar Pradesh,T31,Fatehpur Sikri
India,North,Uttar Pradesh,T31,"Shahabad, Rampur"
India,North,Uttar Pradesh,T31,Robertsganj
India,North,Uttar Pradesh,T31,Utraula
India,North,Uttar Pradesh,T31,Sadabad
India,North,Uttar Pradesh,T31,Rasra
India,North,Uttar Pradesh,T31,Lar
India,North,Uttar Pradesh,T31,Lal Gopalganj Nindaura
India,North,Uttar Pradesh,T31,Sirsaganj
India,North,Uttar Pradesh,T31,Pihani
India,North,Uttar Pradesh,T31,"Shamsabad, Agra"
India,North,Uttar Pradesh,T31,Rudrapur
India,North,Uttar Pradesh,T31,Soron
India,North,Uttar Pradesh,T31,SUrban Agglomerationr
India,North,Uttar Pradesh,T31,Samdhan
India,North,Uttar Pradesh,T31,Sahjanwa
India,North,Uttar Pradesh,T31,Rampur Maniharan
India,North,Uttar Pradesh,T31,Sumerpur
India,North,Uttar Pradesh,T31,Shahganj
India,North,Uttar Pradesh,T31,Tulsipur
India,North,Uttar Pradesh,T31,Tirwaganj
India,North,Uttar Pradesh,T31,PurqUrban Agglomerationzi
India,North,Uttar Pradesh,T31,"Shamsabad, Farrukhabad"
India,North,Uttar Pradesh,T31,Warhapur
India,North,Uttar Pradesh,T31,Powayan
India,North,Uttar Pradesh,T31,Sandi
India,North,Uttar Pradesh,T31,Achhnera
India,North,Uttar Pradesh,T31,Naraura
India,North,Uttar Pradesh,T31,Nakur
India,North,Uttar Pradesh,T31,Sahaspur
India,North,Uttar Pradesh,T31,Safipur
India,North,Uttar Pradesh,T31,Reoti
India,North,Uttar Pradesh,T31,Sikanderpur
India,North,Uttar Pradesh,T31,Saidpur
India,North,Uttar Pradesh,T31,Sirsi
India,North,Uttar Pradesh,T31,Purwa
India,North,Uttar Pradesh,T31,Parasi
India,North,Uttar Pradesh,T31,Lalganj
India,North,Uttar Pradesh,T31,Phulpur
India,North,Uttar Pradesh,T31,Shishgarh
India,North,Uttar Pradesh,T31,Sahawar
India,North,Uttar Pradesh,T31,Samthar
India,North,Uttar Pradesh,T31,Pukhrayan
India,North,Uttar Pradesh,T31,Obra
India,North,Uttar Pradesh,T31,Niwai
India,North,Uttarakhand,T32,Dehradun
India,North,Uttarakhand,T32,Hardwar
India,North,Uttarakhand,T32,Haldwani-cum-Kathgodam
India,North,Uttarakhand,T32,Srinagar
India,North,Uttarakhand,T32,Kashipur
India,North,Uttarakhand,T32,Roorkee
India,North,Uttarakhand,T32,Rudrapur
India,North,Uttarakhand,T32,Rishikesh
India,North,Uttarakhand,T32,Ramnagar
India,North,Uttarakhand,T32,Pithoragarh
India,North,Uttarakhand,T32,Manglaur
India,North,Uttarakhand,T32,Nainital
India,North,Uttarakhand,T32,Mussoorie
India,North,Uttarakhand,T32,Tehri
India,North,Uttarakhand,T32,Pauri
India,North,Uttarakhand,T32,Nagla
India,North,Uttarakhand,T32,Sitarganj
India,North,Uttarakhand,T32,Bageshwar
India,North,West Bengal,T33,Kolkata
India,North,West Bengal,T33,Siliguri
India,North,West Bengal,T33,Asansol
India,North,West Bengal,T33,Raghunathganj
India,North,West Bengal,T33,Kharagpur
India,North,West Bengal,T33,Naihati
India,North,West Bengal,T33,English Bazar
India,North,West Bengal,T33,Baharampur
India,North,West Bengal,T33,Hugli-Chinsurah
India,North,West Bengal,T33,Raiganj
India,North,West Bengal,T33,Jalpaiguri
India,North,West Bengal,T33,Santipur
India,North,West Bengal,T33,Balurghat
India,North,West Bengal,T33,Medinipur
India,North,West Bengal,T33,Habra
India,North,West Bengal,T33,Ranaghat
India,North,West Bengal,T33,Bankura
India,North,West Bengal,T33,Nabadwip
India,North,West Bengal,T33,Darjiling
India,North,West Bengal,T33,Purulia
India,North,West Bengal,T33,Arambagh
India,North,West Bengal,T33,Tamluk
India,North,West Bengal,T33,AlipurdUrban Agglomerationr
India,North,West Bengal,T33,Suri
India,North,West Bengal,T33,Jhargram
India,North,West Bengal,T33,Gangarampur
India,North,West Bengal,T33,Rampurhat
India,North,West Bengal,T33,Kalimpong
India,North,West Bengal,T33,Sainthia
India,North,West Bengal,T33,Taki
India,North,West Bengal,T33,Murshidabad
India,North,West Bengal,T33,Memari
India,North,West Bengal,T33,Paschim Punropara
India,North,West Bengal,T33,Tarakeswar
India,North,West Bengal,T33,Sonamukhi
India,North,West Bengal,T33,PandUrban Agglomeration
India,North,West Bengal,T33,Mainaguri
India,North,West Bengal,T33,Malda
India,North,West Bengal,T33,Panchla
India,North,West Bengal,T33,Raghunathpur
India,North,West Bengal,T33,Mathabhanga
India,North,West Bengal,T33,Monoharpur
India,North,West Bengal,T33,Srirampore
India,North,West Bengal,T33,Adra
